{
  "name" : "project-template",
  "version" : "1.0.0",
  "parameters" : { },
  "components" : {
    "Circuits" : [ ],
    "Pipelines" : [ ],
    "ApplicationAlerts" : [ ],
    "Stratus" : [ {
      "type" : "bucket",
      "name" : "loandetailskyc",
      "properties" : {
        "bucket_name" : "loandetailskyc",
        "bucket_meta" : {
          "versioning" : false,
          "encryption" : false,
          "audit_consent" : false,
          "caching" : {
            "status" : "Disabled"
          }
        }
      },
      "dependsOn" : [ ]
    } ],
    "Functions" : [ {
      "type" : "function",
      "name" : "aadharPanScan",
      "properties" : {
        "stack" : "node20",
        "code" : {
          "path" : "functions/aadharPanScan.zip"
        },
        "configuration" : {
          "environment" : { },
          "memory" : 256
        },
        "type" : "applogic",
        "name" : "aadharPanScan"
      },
      "dependsOn" : [ ]
    }, {
      "type" : "function",
      "name" : "ziaStratusStore",
      "properties" : {
        "stack" : "node20",
        "code" : {
          "path" : "functions/ziaStratusStore.zip"
        },
        "configuration" : {
          "environment" : { },
          "memory" : 256
        },
        "type" : "applogic",
        "name" : "ziaStratusStore"
      },
      "dependsOn" : [ ]
    }, {
      "type" : "function",
      "name" : "datastoreFetch",
      "properties" : {
        "stack" : "node20",
        "code" : {
          "path" : "functions/datastoreFetch.zip"
        },
        "configuration" : {
          "environment" : { },
          "memory" : 256
        },
        "type" : "applogic",
        "name" : "datastoreFetch"
      },
      "dependsOn" : [ ]
    }, {
      "type" : "function",
      "name" : "userDatastore",
      "properties" : {
        "stack" : "node20",
        "code" : {
          "path" : "functions/userDatastore.zip"
        },
        "configuration" : {
          "environment" : { },
          "memory" : 256
        },
        "type" : "applogic",
        "name" : "userDatastore"
      },
      "dependsOn" : [ ]
    }, {
      "type" : "function",
      "name" : "my_finance_2",
      "properties" : {
        "stack" : "node20",
        "code" : {
          "path" : "functions/my_finance_2.zip"
        },
        "configuration" : {
          "environment" : {
            "variables" : { }
          },
          "memory" : 256
        },
        "type" : "applogic",
        "name" : "my_finance_2"
      },
      "dependsOn" : [ ]
    } ],
    "Add-onServices" : [ ],
    "WebClient" : [ {
      "type" : "client",
      "name" : "MyFinance2",
      "properties" : {
        "app_name" : "MyFinance2",
        "modified_time" : "Aug 07, 2025 10:11 AM",
        "code" : {
          "path" : "webclient/MyFinance2.zip"
        }
      },
      "dependsOn" : [ ]
    } ],
    "Cron" : [ ],
    "SchedulingJobpool" : [ ],
    "Filestore" : [ ],
    "Mail" : [ ],
    "Zia" : [ ],
    "NoSql" : [ ],
    "Datastore" : [ {
      "type" : "table",
      "name" : "userDetails",
      "properties" : {
        "table_name" : "userDetails"
      },
      "dependsOn" : [ ]
    }, {
      "type" : "column",
      "name" : "userDetails-FirstName",
      "properties" : {
        "audit_consent" : false,
        "decimal_digits" : 2,
        "column_name" : "FirstName",
        "data_type" : "text",
        "is_unique" : false,
        "is_mandatory" : false,
        "search_index_enabled" : false,
        "table_id" : "userDetails",
        "table_name" : "userDetails",
        "max_length" : 10000
      },
      "dependsOn" : [ "Datastore.table.userDetails" ]
    }, {
      "type" : "column",
      "name" : "userDetails-LastName",
      "properties" : {
        "audit_consent" : false,
        "decimal_digits" : 2,
        "column_name" : "LastName",
        "data_type" : "text",
        "is_unique" : false,
        "is_mandatory" : false,
        "search_index_enabled" : false,
        "table_id" : "userDetails",
        "table_name" : "userDetails",
        "max_length" : 10000
      },
      "dependsOn" : [ "Datastore.table.userDetails" ]
    }, {
      "type" : "column",
      "name" : "userDetails-UserId",
      "properties" : {
        "audit_consent" : false,
        "decimal_digits" : 2,
        "column_name" : "UserId",
        "data_type" : "int",
        "is_unique" : false,
        "is_mandatory" : false,
        "search_index_enabled" : false,
        "table_id" : "userDetails",
        "table_name" : "userDetails",
        "max_length" : 10
      },
      "dependsOn" : [ "Datastore.table.userDetails" ]
    }, {
      "type" : "column",
      "name" : "userDetails-EmailId",
      "properties" : {
        "audit_consent" : false,
        "decimal_digits" : 2,
        "column_name" : "EmailId",
        "data_type" : "text",
        "is_unique" : false,
        "is_mandatory" : false,
        "search_index_enabled" : false,
        "table_id" : "userDetails",
        "table_name" : "userDetails",
        "max_length" : 10000
      },
      "dependsOn" : [ "Datastore.table.userDetails" ]
    }, {
      "type" : "column",
      "name" : "userDetails-LoanAmount",
      "properties" : {
        "audit_consent" : false,
        "decimal_digits" : 2,
        "column_name" : "LoanAmount",
        "data_type" : "int",
        "is_unique" : false,
        "is_mandatory" : false,
        "search_index_enabled" : false,
        "table_id" : "userDetails",
        "table_name" : "userDetails",
        "max_length" : 10
      },
      "dependsOn" : [ "Datastore.table.userDetails" ]
    }, {
      "type" : "column",
      "name" : "userDetails-InterestRate",
      "properties" : {
        "audit_consent" : false,
        "decimal_digits" : 2,
        "column_name" : "InterestRate",
        "data_type" : "int",
        "is_unique" : false,
        "is_mandatory" : false,
        "search_index_enabled" : false,
        "table_id" : "userDetails",
        "table_name" : "userDetails",
        "max_length" : 10
      },
      "dependsOn" : [ "Datastore.table.userDetails" ]
    }, {
      "type" : "tableScope",
      "name" : "userDetails-Admin",
      "properties" : {
        "role_name" : "Admin",
        "table_scope" : "GLOBAL",
        "type" : "App Administrator",
        "table_name" : "userDetails"
      },
      "dependsOn" : [ "Datastore.table.userDetails" ]
    }, {
      "type" : "tableScope",
      "name" : "userDetails-App User",
      "properties" : {
        "role_name" : "App User",
        "table_scope" : "GLOBAL",
        "type" : "App User",
        "table_name" : "userDetails"
      },
      "dependsOn" : [ "Datastore.table.userDetails" ]
    }, {
      "type" : "tablePermission",
      "name" : "userDetails-Admin",
      "properties" : {
        "role_name" : "Admin",
        "type" : "App Administrator",
        "table_permissions" : [ "SELECT", "UPDATE", "INSERT", "DELETE" ],
        "table_name" : "userDetails"
      },
      "dependsOn" : [ "Datastore.table.userDetails" ]
    }, {
      "type" : "tablePermission",
      "name" : "userDetails-App User",
      "properties" : {
        "role_name" : "App User",
        "type" : "App User",
        "table_permissions" : [ "SELECT" ],
        "table_name" : "userDetails"
      },
      "dependsOn" : [ "Datastore.table.userDetails" ]
    } ],
    "Authentication" : [ {
      "type" : "emailTemplates",
      "name" : "1",
      "properties" : {
        "subject" : "Welcome to %APP_NAME%",
        "template_type" : 1,
        "message" : "<p>Hello %FIRST_NAME% %LAST_NAME%,</p>\n<p>You have been invited to join %APP_NAME%. You can access the app from this link:</p>\n<p><a href='%LINK%'>%LINK%</a></p>\n<p>You are assigned to the role %ROLE_NAME% in this app.</p>\n<p>If you didn’t ask to join the application or if you think this was a mistake, you can ignore this email.</p>\n<p>Thanks,</p>\n<p>%APP_NAME% team</p>\n"
      },
      "dependsOn" : [ ]
    }, {
      "type" : "emailTemplates",
      "name" : "2",
      "properties" : {
        "subject" : "Password Reset for %APP_NAME%",
        "template_type" : 2,
        "message" : "<p>Hello %FIRST_NAME% %LAST_NAME%,</p>\n<p>Follow this link to reset your %APP_NAME% password for your %EMAIL% account.</p>\n<p><a href='%LINK%'>%LINK%</a></p>\n<p>If you didn't ask to reset your password, you can ignore this email.</p>\n<p>Thanks,</p>\n<p>Your %APP_NAME% team</p>"
      },
      "dependsOn" : [ ]
    }, {
      "type" : "emailTemplates",
      "name" : "3",
      "properties" : {
        "subject" : "OTP verification for %APP_NAME%",
        "template_type" : 3,
        "message" : "<p>Hello %FIRST_NAME% %LAST_NAME%,</p>\n<p>Please use the following one-time password to reset your %APP_NAME% password.</p>\n<p>%OTP_VALIDITY_TEXT%</p>\n<p style=\"font-size: larger;\"><b>%OTP%</b></p>\n<p>If you didn’t ask to reset your password, you can ignore this email.</p>\n<p>Thanks,</p>\n<p>Your %APP_NAME% team</p>"
      },
      "dependsOn" : [ ]
    }, {
      "type" : "roles",
      "name" : "Admin",
      "properties" : {
        "role_name" : "Admin",
        "description" : "Admin Role for the application",
        "type" : "App Administrator",
        "is_default" : false
      },
      "dependsOn" : [ "Authentication.roles.App User" ]
    }, {
      "type" : "roles",
      "name" : "App User",
      "properties" : {
        "role_name" : "App User",
        "description" : "User Role for the application",
        "type" : "App User",
        "is_default" : true
      },
      "dependsOn" : [ ]
    }, {
      "type" : "SignupConfiguration",
      "name" : "signup-configuration",
      "properties" : {
        "app_account_meta" : {
          "limit" : 1000,
          "type" : 0
        },
        "custom_validation" : false,
        "public_signup" : true,
        "url_preference" : 0,
        "status" : {
          "embedded_auth" : false,
          "third_party_auth" : false,
          "hosted_auth" : true
        }
      },
      "dependsOn" : [ ]
    }, {
      "type" : "HostedLogin",
      "name" : "hosted-login",
      "properties" : {
        "config" : {
          "is_logo_present" : false,
          "company_name" : "My Finance",
          "colors" : {
            "background_color" : "#dce7ff",
            "primary_color" : "#0059e9"
          }
        }
      },
      "dependsOn" : [ ]
    }, {
      "type" : "SignInMethod",
      "name" : "Zoho",
      "properties" : {
        "is_enabled" : true,
        "auth_type" : "Zoho",
        "scopes" : [ ],
        "client_name" : "MyFinance2"
      },
      "dependsOn" : [ ]
    } ],
    "AppSail" : [ ],
    "SecurityRules" : [ {
      "type" : "rules",
      "name" : "security-rules",
      "properties" : {
        "advancedio" : {
          "ziaStratusStore" : [ {
            ".*" : {
              "methods" : [ "GET", "POST", "DELETE", "PUT", "PATCH" ],
              "authentication" : "optional"
            }
          } ],
          "my_finance_2" : [ {
            ".*" : {
              "methods" : [ "GET", "POST", "DELETE", "PUT", "PATCH" ],
              "authentication" : "optional"
            }
          } ],
          "aadharPanScan" : [ {
            ".*" : {
              "methods" : [ "GET", "POST", "DELETE", "PUT", "PATCH" ],
              "authentication" : "optional"
            }
          } ],
          "datastoreFetch" : [ {
            ".*" : {
              "methods" : [ "GET", "POST", "DELETE", "PUT", "PATCH" ],
              "authentication" : "optional"
            }
          } ],
          "userDatastore" : [ {
            ".*" : {
              "methods" : [ "GET", "POST", "DELETE", "PUT", "PATCH" ],
              "authentication" : "optional"
            }
          } ]
        }
      },
      "dependsOn" : [ ]
    } ],
    "EventListeners" : [ {
      "type" : "listeners",
      "name" : "Default",
      "properties" : {
        "name" : "Default",
        "description" : "Associates events in Catalyst components, such as a Data Store insertion or a File Store upload, with target event functions or circuits ",
        "type" : "System",
        "status" : "Enabled"
      },
      "dependsOn" : [ ]
    } ],
    "SchedulingCron" : [ ],
    "Cache" : [ {
      "type" : "segment",
      "name" : "Default",
      "properties" : {
        "segment_name" : "Default"
      },
      "dependsOn" : [ ]
    } ]
  }
}